{
  "compatibilityLevel": "JAVA_8",
  "package": "me.enokitoraisu.shimejiclient.mixin",
  "refmap": "refmap.shimeji.json",
  "mixins": [
    "AccessorCPacketChatMessage",
    "AccessorCPacketPlayer",
    "AccessorKeyBinding",
    "AccessorMinecraft",
    "AccessorShaderGroup",
    "AccessorSPacketChat",
    "AccessorSPacketExplosion",
    "AccessorTimer",
    "MixinBlockEnderChest",
    "MixinCrashReport",
    "MixinEntity",
    "MixinEntityLivingBase",
    "MixinEntityPlayer",
    "MixinEntityPlayerSP",
    "MixinEntityRenderer",
    "MixinFontRenderer",
    "MixinGuiConnecting",
    "MixinItemRenderer",
    "MixinLocaleFont",
    "MixinMinecraft",
    "MixinModelBase",
    "MixinNetworkManager",
    "MixinSplashProgress",
    "MixinWorld"
  ],
  "client": [
    "AccessorRenderGlobal",
    "MixinGuiChat",
    "MixinGuiNewChat",
    "MixinGuiScreen",
    "MixinModelBiped",
    "MixinNetHandlerPlayClient",
    "MixinPlayerControllerMP"
  ]
}